SRA	Sample	Pop	Locality	Province	Latitude	Longitude	Host	Total_reads	Mapped_reads	Mapped_percent	Properly_paired	Properly_paired_percent
SRR17332470	BAMF373E	BAM	Mayor Buratovich	Buenos Aires	-39.23402	-62.59756	O. ficus-indica	3667308	3630388	98.99	2917216	83.01
SRR17332490	BAMF373B	BAM	Mayor Buratovich	Buenos Aires	-39.23402	-62.59756	O. ficus-indica	4343742	4290250	98.77	3238504	78.16
SRR17332491	BAMF373A	BAM	Mayor Buratovich	Buenos Aires	-39.23402	-62.59756	O. ficus-indica	2685499	2652769	98.78	2166272	83.62
SRR17332393	BAPP735C	BAP	Tornquist	Buenos Aires	-38.41295	-61.7576	O. penicilligera	1124207	1067894	94.99	861924	79.81
SRR17332404	BAPP735B	BAP	Tornquist	Buenos Aires	-38.41295	-61.7576	O. penicilligera	4474882	4423326	98.85	3459918	80.60
SRR17332415	BAPP735A	BAP	Tornquist	Buenos Aires	-38.41295	-61.7576	O. penicilligera	4253669	4212578	99.03	3311572	81.20
SRR17332476	BAPM736E	BAP	Tornquist	Buenos Aires	-38.41295	-61.7576	O. megapotamica	3889524	3454962	88.83	2621388	70.07
SRR17332477	BAPM736D	BAP	Tornquist	Buenos Aires	-38.41295	-61.7576	O. megapotamica	4695706	4640676	98.83	3479974	77.78
SRR17332478	BAPM736C	BAP	Tornquist	Buenos Aires	-38.41295	-61.7576	O. megapotamica	2272505	2248367	98.94	1832826	83.93
SRR17332479	BAPM736B	BAP	Tornquist	Buenos Aires	-38.41295	-61.7576	O. megapotamica	3542915	3503648	98.89	2779612	82.00
SRR17332489	BAPM736A	BAP	Tornquist	Buenos Aires	-38.41295	-61.7576	O. megapotamica	2940604	2868316	97.54	2002252	72.59
SRR17332426	BASF734C	BAS	Sierra la Ventana	Buenos Aires	-38.31981	-61.62481	O. ficus-indica	4078698	4042237	99.11	3141930	80.82
SRR17332437	BASF734B	BAS	Sierra la Ventana	Buenos Aires	-38.31981	-61.62481	O. ficus-indica	2368052	2341517	98.88	1877946	82.76
SRR17332448	BASF734A	BAS	Sierra la Ventana	Buenos Aires	-38.31981	-61.62481	O. ficus-indica	2879523	2846546	98.85	2260690	82.12
SRR17332459	BASM733A	BAS	Sierra la Ventana	Buenos Aires	-38.13999	-61.79784	O. megapotamica	2426926	2397270	98.78	1876388	80.63
SRR17332471	CAQF722F	CAQ	Quirós	Catamarca	-28.74572	-65.10858	O. ficus-indica	2496659	2469449	98.91	1946668	81.53
SRR17332472	CAQF722E	CAQ	Quirós	Catamarca	-28.74572	-65.10858	O. ficus-indica	3479256	3441486	98.91	2708114	81.11
SRR17332473	CAQF722D	CAQ	Quirós	Catamarca	-28.74572	-65.10858	O. ficus-indica	5444390	5373493	98.70	4065778	78.33
SRR17332474	CAQF722C	CAQ	Quirós	Catamarca	-28.74572	-65.10858	O. ficus-indica	1319376	1303486	98.80	1006310	79.94
SRR17332475	CAQF722B	CAQ	Quirós	Catamarca	-28.74572	-65.10858	O. ficus-indica	5482781	5419164	98.84	4154944	79.32
SRR17332463	CASF730D	CAS	Chumbicha	Catamarca	-28.85592	-66.23012	O. ficus-indica	5541716	5476473	98.82	4032664	76.53
SRR17332464	CASF730C	CAS	Chumbicha	Catamarca	-28.85592	-66.23012	O. ficus-indica	2187334	2161727	98.83	1708390	81.39
SRR17332465	CASF730B	CAS	Chumbicha	Catamarca	-28.85592	-66.23012	O. ficus-indica	4185219	4141511	98.96	3231026	80.59
SRR17332466	CASF730AA	CAS	Chumbicha	Catamarca	-28.85592	-66.23012	O. ficus-indica	1901808	1880835	98.90	1429882	78.95
SRR17332467	CASF729C	CAS	San Rafael	Catamarca	-28.85592	-66.23012	O. ficus-indica	3235067	3185552	98.47	2611016	83.84
SRR17332468	CASF729B	CAS	San Rafael	Catamarca	-28.85592	-66.23012	O. ficus-indica	4280686	4201802	98.16	3378160	82.25
SRR17332469	CASF729A	CAS	San Rafael	Catamarca	-28.85592	-66.23012	O. ficus-indica	3521480	3481966	98.88	2638558	78.91
SRR17332454	CBAM717C	CBA	El Aranado	Córdoba	-31.78409	-62.8255	O. megapotamica	3090857	3061358	99.05	2460248	83.09
SRR17332455	CBAM717B	CBA	El Aranado	Córdoba	-31.78409	-62.8255	O. megapotamica	3275164	3242431	99.00	2561648	81.85
SRR17332456	CBAM717A	CBA	El Aranado	Córdoba	-31.78409	-62.8255	O. megapotamica	6182566	6115303	98.91	4826628	81.27
SRR17332457	CBFE716C	CBF	El Fortin	Córdoba	-31.9626	-62.3375	O. rioplatense	4161694	4119442	98.98	3249502	81.31
SRR17332458	CBFE716B	CBF	El Fortin	Córdoba	-31.9626	-62.3375	O. rioplatense	4063041	4024468	99.05	3206490	82.04
SRR17332460	CBFE716A	CBF	El Fortin	Córdoba	-31.9626	-62.3375	O. rioplatense	4644173	4597114	98.99	3617908	81.11
SRR17332461	CBFM715C	CBF	El Fortin	Córdoba	-31.9626	-62.3375	O. megapotamica	4088319	4052582	99.13	3241036	82.42
SRR17332462	CBFM715B	CBF	El Fortin	Córdoba	-31.9626	-62.3375	O. megapotamica	3207792	3170498	98.84	2621196	84.76
SRR17332450	CBRF718C	CBR	Rincón	Córdoba	-31.59481	-63.61428	O. ficus-indica	3559970	3520698	98.90	2889324	84.37
SRR17332451	CBRF718B	CBR	Rincón	Córdoba	-31.59481	-63.61428	O. ficus-indica	2708921	2685832	99.15	2282388	87.08
SRR17332452	CBRF718A	CBR	Rincón	Córdoba	-31.59481	-63.61428	O. ficus-indica	2742674	2715013	98.99	2203294	83.67
SRR17332383	CBSE712E	CBS	Centeno	Santa Fe	-32.2759	-61.4314	O. rioplatense	2693006	2659766	98.77	2056976	79.81
SRR17332487	CBSM713C	CBS	Centeno	Santa Fe	-32.2139	-61.47789	O. megapotamica	4212220	4177985	99.19	3296984	81.44
SRR17332488	CBSM713B	CBS	Centeno	Santa Fe	-32.2139	-61.47789	O. megapotamica	4795055	4755036	99.17	3639712	79.28
SRR17332445	CBVF719D	CBV	Villa del totoral	Córdoba	-30.68592	-64.01976	O. ficus-indica	4298264	4265924	99.25	3380928	81.77
SRR17332446	CBVF719C	CBV	Villa del totoral	Córdoba	-30.68592	-64.01976	O. ficus-indica	4364024	4320311	99.00	3369304	80.42
SRR17332447	CBVF719B	CBV	Villa del totoral	Córdoba	-30.68592	-64.01976	O. ficus-indica	3085470	3054748	99.00	2412714	81.36
SRR17332449	CBVF719A	CBV	Villa del totoral	Córdoba	-30.68592	-64.01976	O. ficus-indica	1646436	1626133	98.77	1233160	78.51
SRR17332453	CBVM721	CBV	Villa del totoral	Córdoba	-28.68592	-62.01976	O. megapotamica	5019793	4956925	98.75	3923930	81.39
SRR17332440	CHPF708F	CHP	Puerto Tirol	Chaco	-27.36381	-59.06644	O. ficus-indica	3501944	3460208	98.81	2697620	80.33
SRR17332441	CHPF708E	CHP	Puerto Tirol	Chaco	-27.36381	-59.06644	O. ficus-indica	1600500	1568567	98.00	1250358	81.31
SRR17332442	CHPF708D	CHP	Puerto Tirol	Chaco	-27.36381	-59.06644	O. ficus-indica	1600337	1579083	98.67	1299258	84.33
SRR17332443	CHPF708C	CHP	Puerto Tirol	Chaco	-27.36381	-59.06644	O. ficus-indica	2815517	2789720	99.08	2246674	83.15
SRR17332444	CHPC706B	CHP	Puerto Tirol	Chaco	-27.36381	-59.06644	O. elata	1812114	1786591	98.59	1418116	81.74
SRR17332427	ERBC699C	ERB	Federal	Entre Rios	-30.92981	-58.77253	O. elata	5808635	5737691	98.78	4347340	78.43
SRR17332428	ERBC698G	ERB	Bovril	Entre Rios	-31.33808	-59.34247	O. elata	4857551	4801419	98.84	3759362	80.79
SRR17332429	ERBC698E	ERB	Bovril	Entre Rios	-31.33808	-59.34247	O. elata	6785465	6699081	98.73	5204146	80.10
SRR17332430	ERBC698D	ERB	Bovril	Entre Rios	-31.33808	-59.34247	O. elata	5661623	5563271	98.26	4110708	76.25
SRR17332431	ERBC698C	ERB	Bovril	Entre Rios	-31.33808	-59.34247	O. elata	4793719	4729986	98.67	3691204	80.65
SRR17332432	ERBC698B	ERB	Bovril	Entre Rios	-31.33808	-59.34247	O. elata	4953254	4897458	98.87	3800012	80.44
SRR17332414	ERCE709F	ERC	Chajarí	Entre Rios	-30.65441	-58.00371	O. rioplatense	4454423	4405797	98.91	3367956	79.43
SRR17332416	ERCE709E	ERC	Chajarí	Entre Rios	-30.65441	-58.00371	O. rioplatense	3507479	3462740	98.72	2747888	81.82
SRR17332417	ERCE709D	ERC	Chajarí	Entre Rios	-30.65441	-58.00371	O. rioplatense	4400599	4360945	99.10	3315586	79.30
SRR17332418	ERCE709A	ERC	Chajarí	Entre Rios	-30.65441	-58.00371	O. rioplatense	2146141	2120262	98.79	1712236	83.12
SRR17332409	ERDF710F	ERD	Federación	Entre Rios	-31.09484	-58.06665	O. ficus-indica	3871970	3830787	98.94	3035632	81.95
SRR17332410	ERDF710D	ERD	Federación	Entre Rios	-31.09484	-58.06665	O. ficus-indica	2568045	2538022	98.83	1953824	79.58
SRR17332411	ERDF710C	ERD	Federación	Entre Rios	-31.09484	-58.06665	O. ficus-indica	6734875	6659818	98.89	5082788	79.08
SRR17332412	ERDF710B	ERD	Federación	Entre Rios	-31.09484	-58.06665	O. ficus-indica	5426179	5353852	98.67	4128174	79.54
SRR17332413	ERDF710A	ERD	Federación	Entre Rios	-31.09484	-58.06665	O. ficus-indica	3961921	3914996	98.82	3072990	81.12
SRR17332422	ERFF700E	ERF	Federal	Entre Rios	-30.92981	-58.77253	O. ficus-indica	5198168	5129533	98.68	3963264	79.90
SRR17332423	ERFF700D	ERF	Federal	Entre Rios	-30.92981	-58.77253	O. ficus-indica	3146763	3104896	98.67	2503320	82.83
SRR17332424	ERFF700C	ERF	Federal	Entre Rios	-30.92981	-58.77253	O. ficus-indica	4408565	4353900	98.76	3518060	83.13
SRR17332425	ERFF700B	ERF	Federal	Entre Rios	-30.92981	-58.77253	O. ficus-indica	3120983	3091148	99.04	2358618	79.44
SRR17332439	ERFC703C	ERF	Chavarría	Corrientes	-28.90964	-58.65519	O. anacantha	3300733	3253468	98.57	2508908	79.66
SRR17332419	ERLE701D	ERL	Los conquistadores	Entre Rios	-30.59342	-58.46335	O. rioplatense	3725076	3683950	98.90	2718490	77.07
SRR17332420	ERLE701C	ERL	Los conquistadores	Entre Rios	-30.59342	-58.46335	O. rioplatense	4806652	4751418	98.85	3661222	79.61
SRR17332421	ERLE701B	ERL	Los conquistadores	Entre Rios	-30.59342	-58.46335	O. rioplatense	6715094	6636308	98.83	5193342	80.65
SRR17332433	ERNM697E	ERN	Nogoyá	Entre Rios	-32.37497	-59.39133	O. megapotamica	4101400	4026761	98.18	3217136	81.50
SRR17332434	ERNM697D	ERN	Nogoyá	Entre Rios	-32.37497	-59.39133	O. megapotamica	6325830	6253139	98.85	4844784	80.01
SRR17332435	ERNM697C	ERN	Nogoyá	Entre Rios	-32.37497	-59.39133	O. megapotamica	4124875	4086966	99.08	3335684	83.87
SRR17332436	ERNM697B	ERN	Nogoyá	Entre Rios	-32.37497	-59.39133	O. megapotamica	3492936	3455064	98.92	2762726	82.21
SRR17332438	ERNM697A	ERN	Nogoyá	Entre Rios	-32.37497	-59.39133	O. megapotamica	3054030	2886174	94.50	2271252	77.46
SRR17332405	FOGA705F	FOG	Gran Guardia	Formosa	-25.84239	-58.79244	O. anacantha	3433157	3367322	98.08	2665806	81.04
SRR17332406	FOGC704E	FOG	Gran Guardia	Formosa	-25.84239	-58.79244	O. elata	4118466	4062185	98.63	3074592	78.43
SRR17332407	FOGC704C	FOG	Gran Guardia	Formosa	-25.84239	-58.79244	O. elata	4321912	4274743	98.91	3217624	78.38
SRR17332408	FOGC704B	FOG	Gran Guardia	Formosa	-25.84239	-58.79244	O. elata	2623522	2593970	98.87	2014114	80.51
SRR12770492	JUJF694F	JUJ	El Carmen	Jujuy	-24.39357	-65.27129	O. ficus-indica	4230271	4166980	98.50	3275710	80.94
SRR12770493	JUJF694E	JUJ	El Carmen	Jujuy	-24.39357	-65.27129	O. ficus-indica	5880813	5795191	98.54	4467102	79.44
SRR12770494	JUJF694D	JUJ	El Carmen	Jujuy	-24.39357	-65.27129	O. ficus-indica	4742194	4672918	98.54	3634622	80.05
SRR12770496	JUJF694C	JUJ	El Carmen	Jujuy	-24.39357	-65.27129	O. ficus-indica	5895187	5829136	98.88	4488506	79.63
SRR12770497	JUJF694B	JUJ	El Carmen	Jujuy	-24.39357	-65.27129	O. ficus-indica	4072166	4027481	98.90	3116806	80.09
SRR12770498	JUJF688	JUJ	Maimara	Jujuy	-23.66011	-65.40624	O. ficus-indica	6157320	6086628	98.85	4715494	80.03
SRR12770486	JUSF693B	JUS	Salta	Salta	-25.05429	-65.49697	O. ficus-indica	3991553	3940648	98.72	3043810	79.94
SRR12770487	JUSF695E	JUS	Salta	Jujuy	-25.20767	-64.94597	O. ficus-indica	4306330	4269915	99.15	3320648	80.48
SRR12770488	JUSF695D	JUS	Salta	Jujuy	-25.20767	-64.94597	O. ficus-indica	5868987	5811818	99.03	4513184	80.25
SRR12770489	JUSF695C	JUS	Salta	Jujuy	-25.20767	-64.94597	O. ficus-indica	3943481	3223208	81.74	2506764	65.72
SRR12770490	JUSF695B	JUS	Salta	Jujuy	-25.20767	-64.94597	O. ficus-indica	1473030	1459099	99.05	1147906	81.57
SRR12770491	JUSF695A	JUS	Salta	Jujuy	-25.20767	-64.94597	O. ficus-indica	2848658	2430860	85.33	2002132	72.57
SRR12770499	JUSQ687	JUS	Metán	Salta	-25.20767	-64.94597	O. quimilo	2077061	2052211	98.80	1677778	84.06
SRR12770481	LPAM740D	LPA	Algarrobo del Aguila	La Pampa	-36.2329	-66.9374	O. megapotamica	4227376	4182758	98.94	3417818	84.10
SRR12770482	LPAM740C	LPA	Algarrobo del Aguila	La Pampa	-36.2329	-66.9374	O. megapotamica	3232114	3198474	98.96	2522730	81.66
SRR12770483	LPAM740B	LPA	Algarrobo del Aguila	La Pampa	-36.2329	-66.9374	O. megapotamica	2401649	2376947	98.97	1890812	82.25
SRR12770485	LPAM740A	LPA	Algarrobo del Aguila	La Pampa	-36.2329	-66.9374	O. megapotamica	2800393	2775014	99.09	2277806	84.60
SRR12770469	LPSM743D	LPS	Santa Rosa	La Pampa	-36.59089	-64.21117	O. bonaerensis	4384711	4346565	99.13	3328850	79.39
SRR12770470	LPSM743C	LPS	Santa Rosa	La Pampa	-36.59089	-64.21117	O. bonaerensis	5009195	4956585	98.95	3756028	78.56
SRR12770471	LPSM743B	LPS	Santa Rosa	La Pampa	-36.59089	-64.21117	O. bonaerensis	4812870	4762923	98.96	3711024	80.47
SRR12770472	LPSM743A	LPS	Santa Rosa	La Pampa	-36.59089	-64.21117	O. bonaerensis	3960964	3926258	99.12	3038442	80.09
SRR12770474	LPVM742F	LPV	La Victoria	La Pampa	-36.22042	-65.57061	O. megapotamica	1883188	1859840	98.76	1524174	84.10
SRR12770475	LPVM742E	LPV	La Victoria	La Pampa	-36.22042	-65.57061	O. megapotamica	4118591	4055854	98.48	3127140	79.28
SRR12770476	LPVM742D	LPV	La Victoria	La Pampa	-36.22042	-65.57061	O. megapotamica	5413614	5357413	98.96	4099812	79.21
SRR12770477	LPVM742C	LPV	La Victoria	La Pampa	-36.22042	-65.57061	O. megapotamica	2914339	2884512	98.98	2304304	82.54
SRR12770478	LPVM742B	LPV	La Victoria	La Pampa	-36.22042	-65.57061	O. megapotamica	4612613	4562746	98.92	3507012	79.76
SRR12770479	LPVM742A	LPV	La Victoria	La Pampa	-36.22042	-65.57061	O. megapotamica	4303675	4254288	98.85	3188974	77.75
SRR17332399	RNRM739d	RNR	Choele Choel	Río Negro	-39.35746	-65.7155	O. megapotamica	5414395	5358801	98.97	4114618	79.44
SRR17332400	RNRM739c	RNR	Choele Choel	Río Negro	-39.35746	-65.7155	O. megapotamica	7546916	7441108	98.60	5574694	77.49
SRR17332401	RNRM739b	RNR	Choele Choel	Río Negro	-39.35746	-65.7155	O. megapotamica	7735162	7620740	98.52	5691088	77.21
SRR17332402	RNRM739a	RNR	Lamarque	Río Negro	-39.35746	-65.7155	O. megapotamica	5564692	4508531	81.02	3415790	63.59
SRR17332403	RNRM738	RNR	Lamarque	Río Negro	-39.35746	-65.7155	O. megapotamica	8330495	8221699	98.69	6307862	79.22
SRR17332384	SEBF725E	SEB	Brea Puñuna	Santiago del Estero	-27.63202	-64.62143	O. ficus-indica	983620	969362	98.55	782990	82.86
SRR17332385	SEBF725D	SEB	Brea Puñuna	Santiago del Estero	-27.63202	-64.62143	O. ficus-indica	3400410	3362715	98.89	2729702	83.57
SRR17332386	SEBF725C	SEB	Brea Puñuna	Santiago del Estero	-27.63202	-64.62143	O. ficus-indica	3080389	3050163	99.02	2440258	82.65
SRR17332387	SEBF725B	SEB	Brea Puñuna	Santiago del Estero	-27.63202	-64.62143	O. ficus-indica	4513699	4386736	97.19	3350254	77.52
SRR17332388	SEBF725A	SEB	Brea Puñuna	Santiago del Estero	-27.63202	-64.62143	O. ficus-indica	3851615	3805145	98.79	2965860	80.34
SRR17332389	SELQ724C	SEL	Lavalle	Santiago del Estero	-28.16444	-65.08244	O. quimilo	4781492	4731919	98.96	3683262	80.36
SRR17332390	SELQ724B	SEL	Lavalle	Santiago del Estero	-28.16444	-65.08244	O. quimilo	1964044	1940406	98.80	1506798	80.01
SRR17332391	SELF723B	SEL	Lavalle	Santiago del Estero	-28.16444	-65.08244	O. ficus-indica	2653310	2620629	98.77	2120658	82.89
SRR17332392	SELF723A	SEL	Lavalle	Santiago del Estero	-28.16444	-65.08244	O. ficus-indica	2532827	2502595	98.81	1904874	78.76
SRR17332394	SEPF711F	SEP	San Lorenzo	Santiago del Estero	-27.9144	-64.45563	O. ficus-indica	4259053	4208262	98.81	3283042	80.40
SRR17332395	SEPF711E	SEP	San Lorenzo	Santiago del Estero	-27.9144	-64.45563	O. ficus-indica	3703102	3661821	98.89	2752624	78.26
SRR17332396	SEPF711D	SEP	San Lorenzo	Santiago del Estero	-27.9144	-64.45563	O. ficus-indica	4437535	4393178	99.00	3495726	82.21
SRR17332397	SEPF711C	SEP	San Lorenzo	Santiago del Estero	-27.9144	-64.45563	O. ficus-indica	4235620	4191065	98.95	3264894	80.73
SRR17332398	SEPF711B	SEP	San Lorenzo	Santiago del Estero	-27.9144	-64.45563	O. ficus-indica	3600873	3559239	98.84	2785544	80.92
SRR17332480	TUNF728E	TUN	La Concha	Tucumán	-27.79831	-65.58814	O. ficus-indica	1587825	1560551	98.28	1227968	80.86
SRR17332481	TUNF728D	TUN	La Concha	Tucumán	-27.79831	-65.58814	O. ficus-indica	5259342	5203637	98.94	4020498	80.13
SRR17332482	TUNF728C	TUN	La Concha	Tucumán	-27.79831	-65.58814	O. ficus-indica	2591908	2564629	98.95	1968568	79.48
SRR17332483	TUNF728B	TUN	La Concha	Tucumán	-27.79831	-65.58814	O. ficus-indica	3223773	3196900	99.17	2575632	83.33
SRR17332484	TUNF728A	TUN	La Concha	Tucumán	-27.79831	-65.58814	O. ficus-indica	3017115	2989874	99.10	2437334	84.12
SRR17332485	TUNF727B	TUN	Aguilares	Tucumán	-27.44643	-65.58524	O. ficus-indica	3861554	3820244	98.93	2887796	78.37
SRR17332486	TUNF727A	TUN	Aguilares	Tucumán	-27.44643	-65.58524	O. ficus-indica	1439183	1332766	92.61	1108986	79.71
