Sample	Pop	Locality	Province	Latitude	Longitude	Host	K4_C1	K4_C2	K4_C3	K4_C4	K6_C1	K6_C2	K6_C3	K6_C4	K6_C5	K6_C6	K4_Max	K6_Max	K4_Dominant	K6_Dominant	K4_Category	K6_Category
BAMF373A	BAM	Mayor Buratovich	Buenos Aires	-39.23402	-62.59756	O. ficus-indica	1	0	0	0	0	0	0	0	1	0	1	1	1	5	Strongly assigned	Strongly assigned
BAMF373B	BAM	Mayor Buratovich	Buenos Aires	-39.23402	-62.59756	O. ficus-indica	1	0	0	0	0	0	0	0	1	0	1	1	1	5	Strongly assigned	Strongly assigned
BAMF373E	BAM	Mayor Buratovich	Buenos Aires	-39.23402	-62.59756	O. ficus-indica	1	0	0	0	0	0	0	0	0.9999	0	1	0.9999	1	5	Strongly assigned	Strongly assigned
BAPM736A	BAP	Tornquist	Buenos Aires	-38.41295	-61.7576	O. megapotamica	1	0	0	0	0	0	0	0	0.9999	0	1	0.9999	1	5	Strongly assigned	Strongly assigned
BAPM736B	BAP	Tornquist	Buenos Aires	-38.41295	-61.7576	O. megapotamica	1	0	0	0	0	0	0	0	1	0	1	1	1	5	Strongly assigned	Strongly assigned
BAPM736C	BAP	Tornquist	Buenos Aires	-38.41295	-61.7576	O. megapotamica	1	0	0	0	0	0	0	0	1	0	1	1	1	5	Strongly assigned	Strongly assigned
BAPM736D	BAP	Tornquist	Buenos Aires	-38.41295	-61.7576	O. megapotamica	1	0	0	0	0	0	0	0	1	0	1	1	1	5	Strongly assigned	Strongly assigned
BAPM736E	BAP	Tornquist	Buenos Aires	-38.41295	-61.7576	O. megapotamica	1	0	0	0	0	0	0	0	1	0	1	1	1	5	Strongly assigned	Strongly assigned
BAPP735A	BAP	Tornquist	Buenos Aires	-38.41295	-61.7576	O. penicilligera	1	0	0	0	0	0	0	0	1	0	1	1	1	5	Strongly assigned	Strongly assigned
BAPP735B	BAP	Tornquist	Buenos Aires	-38.41295	-61.7576	O. penicilligera	1	0	0	0	0	0	0	0	1	0	1	1	1	5	Strongly assigned	Strongly assigned
BAPP735C	BAP	Tornquist	Buenos Aires	-38.41295	-61.7576	O. penicilligera	1	0	0	0	0	0	0	0	0.9999	0	1	0.9999	1	5	Strongly assigned	Strongly assigned
BASF734A	BAS	Sierra la Ventana	Buenos Aires	-38.31981	-61.62481	O. ficus-indica	1	0	0	0	0	0	0	0	1	0	1	1	1	5	Strongly assigned	Strongly assigned
BASF734B	BAS	Sierra la Ventana	Buenos Aires	-38.31981	-61.62481	O. ficus-indica	1	0	0	0	0	0	0	0	0.9999	0	1	0.9999	1	5	Strongly assigned	Strongly assigned
BASF734C	BAS	Sierra la Ventana	Buenos Aires	-38.31981	-61.62481	O. ficus-indica	1	0	0	0	0	0	0	0	1	0	1	1	1	5	Strongly assigned	Strongly assigned
BASM733A	BAS	Sierra la Ventana	Buenos Aires	-38.13999	-61.79784	O. megapotamica	1	0	0	0	0	0	0	0	1	0	1	1	1	5	Strongly assigned	Strongly assigned
CAQF722B	CAQ	Quirós	Catamarca	-28.74572	-65.10858	O. ficus-indica	0	0	1	0	0	0	0.0771	0	0	0.9229	1	0.9229	3	6	Strongly assigned	Strongly assigned
CAQF722C	CAQ	Quirós	Catamarca	-28.74572	-65.10858	O. ficus-indica	0.0011	0.045	0.8938	0.0602	0.0954	0.0561	0.1463	0.02	0	0.6823	0.8938	0.6823	3	6	Strongly assigned	Moderately assigned
CAQF722D	CAQ	Quirós	Catamarca	-28.74572	-65.10858	O. ficus-indica	0.0062	0.0489	0.8812	0.0636	0.0931	0.0563	0.1473	0.0321	0.0065	0.6647	0.8812	0.6647	3	6	Strongly assigned	Moderately assigned
CAQF722E	CAQ	Quirós	Catamarca	-28.74572	-65.10858	O. ficus-indica	0.0062	0.0461	0.8869	0.0608	0.0894	0.052	0.1474	0.0265	0.0057	0.6791	0.8869	0.6791	3	6	Strongly assigned	Moderately assigned
CAQF722F	CAQ	Quirós	Catamarca	-28.74572	-65.10858	O. ficus-indica	0	0.0506	0.8856	0.0638	0.0734	0.0613	0.1457	0.0321	0	0.6876	0.8856	0.6876	3	6	Strongly assigned	Moderately assigned
CASF729A	CAS	San Rafael	Catamarca	-28.85592	-66.23012	O. ficus-indica	0	0	1	0	0	0	1	0	0	0	1	1	3	3	Strongly assigned	Strongly assigned
CASF729B	CAS	San Rafael	Catamarca	-28.85592	-66.23012	O. ficus-indica	0	0	1	0	0	0	1	0	0	0	1	1	3	3	Strongly assigned	Strongly assigned
CASF729C	CAS	San Rafael	Catamarca	-28.85592	-66.23012	O. ficus-indica	0	0	1	0	0	0	1	0	0	0	1	1	3	3	Strongly assigned	Strongly assigned
CASF730AA	CAS	Chumbicha	Catamarca	-28.85592	-66.23012	O. ficus-indica	0	0	1	0	0	0	1	0	0	0	1	1	3	3	Strongly assigned	Strongly assigned
CASF730B	CAS	Chumbicha	Catamarca	-28.85592	-66.23012	O. ficus-indica	0	0	1	0	0	0	1	0	0	0	1	1	3	3	Strongly assigned	Strongly assigned
CASF730C	CAS	Chumbicha	Catamarca	-28.85592	-66.23012	O. ficus-indica	0	0	1	0	0	0	1	0	0	0	1	1	3	3	Strongly assigned	Strongly assigned
CASF730D	CAS	Chumbicha	Catamarca	-28.85592	-66.23012	O. ficus-indica	0	0	1	0	0	0	0.9999	0	0	0	1	0.9999	3	3	Strongly assigned	Strongly assigned
CBAM717A	CBA	El Aranado	Córdoba	-31.78409	-62.8255	O. megapotamica	0.0359	0.46	0.4354	0.0687	0.2226	0.0651	0.0542	0.4433	0.0313	0.1836	0.46	0.4433	2	4	Mixed	Mixed
CBAM717B	CBA	El Aranado	Córdoba	-31.78409	-62.8255	O. megapotamica	0.0247	0.4634	0.4384	0.0735	0.2369	0.0672	0.0514	0.4426	0.0229	0.179	0.4634	0.4426	2	4	Mixed	Mixed
CBAM717C	CBA	El Aranado	Córdoba	-31.78409	-62.8255	O. megapotamica	0.033	0.4789	0.4222	0.0659	0.2016	0.0595	0.0459	0.461	0.0314	0.2006	0.4789	0.461	2	4	Mixed	Mixed
CBFE716A	CBF	El Fortin	Córdoba	-31.9626	-62.3375	O. rioplatense	0.0285	0.5858	0.3466	0.0391	0.2152	0.0374	0.0393	0.5684	0.0218	0.118	0.5858	0.5684	2	4	Mixed	Mixed
CBFE716B	CBF	El Fortin	Córdoba	-31.9626	-62.3375	O. rioplatense	0.0191	0.6143	0.3365	0.0302	0.2146	0.0251	0.0472	0.5909	0.0149	0.1073	0.6143	0.5909	2	4	Moderately assigned	Mixed
CBFE716C	CBF	El Fortin	Córdoba	-31.9626	-62.3375	O. rioplatense	0.0272	0.6289	0.31	0.0339	0.2044	0.0308	0.0303	0.6087	0.0224	0.1033	0.6289	0.6087	2	4	Moderately assigned	Moderately assigned
CBFM715B	CBF	El Fortin	Córdoba	-31.9626	-62.3375	O. megapotamica	0.025	0.6112	0.3221	0.0416	0.1928	0.0369	0.0464	0.5907	0.0207	0.1124	0.6112	0.5907	2	4	Moderately assigned	Mixed
CBFM715C	CBF	El Fortin	Córdoba	-31.9626	-62.3375	O. megapotamica	0.0236	0.6013	0.3335	0.0416	0.2181	0.0385	0.0316	0.5792	0.0196	0.1131	0.6013	0.5792	2	4	Moderately assigned	Mixed
CBRF718A	CBR	Rincón	Córdoba	-31.59481	-63.61428	O. ficus-indica	0.0231	0.2909	0.5516	0.1344	0.1758	0.1277	0.0647	0.2765	0.0168	0.3385	0.5516	0.3385	3	6	Mixed	Mixed
CBRF718B	CBR	Rincón	Córdoba	-31.59481	-63.61428	O. ficus-indica	0.0112	0.6326	0.3253	0.0308	0.2012	0.0272	0.0443	0.6102	0.0069	0.1101	0.6326	0.6102	2	4	Moderately assigned	Moderately assigned
CBRF718C	CBR	Rincón	Córdoba	-31.59481	-63.61428	O. ficus-indica	0.0246	0.1889	0.6551	0.1314	0.1484	0.1251	0.0683	0.1757	0.0235	0.459	0.6551	0.459	3	6	Moderately assigned	Mixed
CBSE712E	CBS	Centeno	Santa Fe	-32.2759	-61.4314	O. rioplatense	0.0118	0.7373	0.2273	0.0236	0.1384	0.0203	0.0366	0.7246	0.0141	0.0661	0.7373	0.7246	2	4	Moderately assigned	Moderately assigned
CBSM713B	CBS	Centeno	Santa Fe	-32.2139	-61.47789	O. megapotamica	0.0202	0.7024	0.252	0.0255	0.1521	0.0211	0.0263	0.6881	0.0205	0.0919	0.7024	0.6881	2	4	Moderately assigned	Moderately assigned
CBSM713C	CBS	Centeno	Santa Fe	-32.2139	-61.47789	O. megapotamica	0	0.7486	0.235	0.0164	0.1577	0.0137	0.0381	0.736	0	0.0546	0.7486	0.736	2	4	Moderately assigned	Moderately assigned
CBVF719A	CBV	Villa del totoral	Córdoba	-30.68592	-64.01976	O. ficus-indica	0.0204	0.2185	0.639	0.122	0.1745	0.1162	0.0623	0.2067	0.0171	0.4233	0.639	0.4233	3	6	Moderately assigned	Mixed
CBVF719B	CBV	Villa del totoral	Córdoba	-30.68592	-64.01976	O. ficus-indica	0.02	0.2005	0.6457	0.1338	0.1738	0.1287	0.0599	0.1874	0.0156	0.4346	0.6457	0.4346	3	6	Moderately assigned	Mixed
CBVF719C	CBV	Villa del totoral	Córdoba	-30.68592	-64.01976	O. ficus-indica	0.0276	0.2202	0.6335	0.1187	0.1811	0.1133	0.0735	0.2044	0.0239	0.4039	0.6335	0.4039	3	6	Moderately assigned	Mixed
CBVF719D	CBV	Villa del totoral	Córdoba	-30.68592	-64.01976	O. ficus-indica	0.0287	0.2005	0.6518	0.119	0.1967	0.1128	0.0718	0.1824	0.0268	0.4095	0.6518	0.4095	3	6	Moderately assigned	Mixed
CBVM721	CBV	Villa del totoral	Córdoba	-28.68592	-62.01976	O. megapotamica	0.0143	0.2751	0.5679	0.1427	0.2053	0.1355	0.065	0.2563	0.0127	0.3251	0.5679	0.3251	3	6	Mixed	Mixed
CHPC706B	CHP	Puerto Tirol	Chaco	-27.36381	-59.06644	O. elata	0.0526	0.2871	0.6225	0.0378	0.4796	0.03	0.0573	0.2584	0.0332	0.1415	0.6225	0.4796	3	1	Moderately assigned	Mixed
CHPF708C	CHP	Puerto Tirol	Chaco	-27.36381	-59.06644	O. ficus-indica	0.0446	0.251	0.6802	0.0242	0.8085	0	0.0029	0.1885	0	0	0.6802	0.8085	3	1	Moderately assigned	Strongly assigned
CHPF708D	CHP	Puerto Tirol	Chaco	-27.36381	-59.06644	O. ficus-indica	0.0492	0.2648	0.6612	0.0248	0.7997	0	0	0.198	0.0023	0	0.6612	0.7997	3	1	Moderately assigned	Moderately assigned
CHPF708E	CHP	Puerto Tirol	Chaco	-27.36381	-59.06644	O. ficus-indica	0.0644	0.2468	0.6712	0.0177	0.6602	0.0042	0.0263	0.1973	0.0303	0.0816	0.6712	0.6602	3	1	Moderately assigned	Moderately assigned
CHPF708F	CHP	Puerto Tirol	Chaco	-27.36381	-59.06644	O. ficus-indica	0.046	0.2625	0.6653	0.0262	0.8031	0	0	0.1965	3e-04	0	0.6653	0.8031	3	1	Moderately assigned	Strongly assigned
ERBC698B	ERB	Bovril	Entre Rios	-31.33808	-59.34247	O. elata	0	1	0	0	0	0	0	1	0	0	1	1	2	4	Strongly assigned	Strongly assigned
ERBC698C	ERB	Bovril	Entre Rios	-31.33808	-59.34247	O. elata	0	1	0	0	0	0	0	1	0	0	1	1	2	4	Strongly assigned	Strongly assigned
ERBC698D	ERB	Bovril	Entre Rios	-31.33808	-59.34247	O. elata	0	1	0	0	0	0	0	1	0	0	1	1	2	4	Strongly assigned	Strongly assigned
ERBC698E	ERB	Bovril	Entre Rios	-31.33808	-59.34247	O. elata	0	1	0	0	0	0	0	1	0	0	1	1	2	4	Strongly assigned	Strongly assigned
ERBC698G	ERB	Bovril	Entre Rios	-31.33808	-59.34247	O. elata	0.0316	0.9322	0.0361	0	0.0734	0	0	0.911	0.0156	0	0.9322	0.911	2	4	Strongly assigned	Strongly assigned
ERBC699C	ERB	Federal	Entre Rios	-30.92981	-58.77253	O. elata	0.0021	0.9979	0	0	0	0	0	0.9963	0.0037	0	0.9979	0.9963	2	4	Strongly assigned	Strongly assigned
ERCE709A	ERC	Chajarí	Entre Rios	-30.65441	-58.00371	O. rioplatense	0	1	0	0	0	0	0	1	0	0	1	1	2	4	Strongly assigned	Strongly assigned
ERCE709D	ERC	Chajarí	Entre Rios	-30.65441	-58.00371	O. rioplatense	0	1	0	0	0	0	0	1	0	0	1	1	2	4	Strongly assigned	Strongly assigned
ERCE709E	ERC	Chajarí	Entre Rios	-30.65441	-58.00371	O. rioplatense	0	1	0	0	0	0	0	0.9999	0	0	1	0.9999	2	4	Strongly assigned	Strongly assigned
ERCE709F	ERC	Chajarí	Entre Rios	-30.65441	-58.00371	O. rioplatense	0	1	0	0	0	0	0	1	0	0	1	1	2	4	Strongly assigned	Strongly assigned
ERDF710A	ERD	Federación	Entre Rios	-31.09484	-58.06665	O. ficus-indica	0	1	0	0	0	0	0	1	0	0	1	1	2	4	Strongly assigned	Strongly assigned
ERDF710B	ERD	Federación	Entre Rios	-31.09484	-58.06665	O. ficus-indica	0	1	0	0	0	0	0	1	0	0	1	1	2	4	Strongly assigned	Strongly assigned
ERDF710C	ERD	Federación	Entre Rios	-31.09484	-58.06665	O. ficus-indica	0	1	0	0	0	0	0	1	0	0	1	1	2	4	Strongly assigned	Strongly assigned
ERDF710D	ERD	Federación	Entre Rios	-31.09484	-58.06665	O. ficus-indica	0	1	0	0	0	0	0	0.9999	0	0	1	0.9999	2	4	Strongly assigned	Strongly assigned
ERDF710F	ERD	Federación	Entre Rios	-31.09484	-58.06665	O. ficus-indica	0	1	0	0	0	0	0	1	0	0	1	1	2	4	Strongly assigned	Strongly assigned
ERFC703C	ERF	Chavarría	Corrientes	-28.90964	-58.65519	O. anacantha	0.034	0.8574	0.0835	0.0251	0.0619	0.0216	0.0013	0.8491	0.0345	0.0316	0.8574	0.8491	2	4	Strongly assigned	Strongly assigned
ERFF700B	ERF	Federal	Entre Rios	-30.92981	-58.77253	O. ficus-indica	0	1	0	0	0	0	0	1	0	0	1	1	2	4	Strongly assigned	Strongly assigned
ERFF700C	ERF	Federal	Entre Rios	-30.92981	-58.77253	O. ficus-indica	0	1	0	0	0	0	0	1	0	0	1	1	2	4	Strongly assigned	Strongly assigned
ERFF700D	ERF	Federal	Entre Rios	-30.92981	-58.77253	O. ficus-indica	0	1	0	0	0.0067	0	0	0.9933	0	0	1	0.9933	2	4	Strongly assigned	Strongly assigned
ERFF700E	ERF	Federal	Entre Rios	-30.92981	-58.77253	O. ficus-indica	0	1	0	0	0	0	0	1	0	0	1	1	2	4	Strongly assigned	Strongly assigned
ERLE701B	ERL	Los conquistadores	Entre Rios	-30.59342	-58.46335	O. rioplatense	0.0054	0.9905	0	0.0041	0.0061	3e-04	0	0.9812	0.0124	0	0.9905	0.9812	2	4	Strongly assigned	Strongly assigned
ERLE701C	ERL	Los conquistadores	Entre Rios	-30.59342	-58.46335	O. rioplatense	0.0066	0.9881	0	0.0052	0.0235	0	0	0.9711	0.0054	0	0.9881	0.9711	2	4	Strongly assigned	Strongly assigned
ERLE701D	ERL	Los conquistadores	Entre Rios	-30.59342	-58.46335	O. rioplatense	0	1	0	0	0	0	0	1	0	0	1	1	2	4	Strongly assigned	Strongly assigned
ERNM697A	ERN	Nogoyá	Entre Rios	-32.37497	-59.39133	O. megapotamica	0	1	0	0	0	0	0	1	0	0	1	1	2	4	Strongly assigned	Strongly assigned
ERNM697B	ERN	Nogoyá	Entre Rios	-32.37497	-59.39133	O. megapotamica	0	1	0	0	0	0	0	1	0	0	1	1	2	4	Strongly assigned	Strongly assigned
ERNM697C	ERN	Nogoyá	Entre Rios	-32.37497	-59.39133	O. megapotamica	0	1	0	0	0	0	0	1	0	0	1	1	2	4	Strongly assigned	Strongly assigned
ERNM697D	ERN	Nogoyá	Entre Rios	-32.37497	-59.39133	O. megapotamica	0	1	0	0	0	0	0	1	0	0	1	1	2	4	Strongly assigned	Strongly assigned
ERNM697E	ERN	Nogoyá	Entre Rios	-32.37497	-59.39133	O. megapotamica	0	1	0	0	0	0	0	1	0	0	1	1	2	4	Strongly assigned	Strongly assigned
FOGA705F	FOG	Gran Guardia	Formosa	-25.84239	-58.79244	O. anacantha	0.0703	0.1719	0.7133	0.0444	0.5823	0.0391	0.0479	0.1408	0.0462	0.1438	0.7133	0.5823	3	1	Moderately assigned	Mixed
FOGC704B	FOG	Gran Guardia	Formosa	-25.84239	-58.79244	O. elata	0.0508	0.1618	0.7487	0.0387	0.6963	0.0303	0.0372	0.1053	0.023	0.1079	0.7487	0.6963	3	1	Moderately assigned	Moderately assigned
FOGC704C	FOG	Gran Guardia	Formosa	-25.84239	-58.79244	O. elata	0.0592	0.1582	0.7433	0.0392	0.6864	0.0364	0.0365	0.1026	0.0271	0.1111	0.7433	0.6864	3	1	Moderately assigned	Moderately assigned
FOGC704E	FOG	Gran Guardia	Formosa	-25.84239	-58.79244	O. elata	0.0651	0.1807	0.7301	0.0241	0.611	0.0157	0.0538	0.1409	0.0396	0.139	0.7301	0.611	3	1	Moderately assigned	Moderately assigned
JUJF688	JUJ	Maimara	Jujuy	-23.66011	-65.40624	O. ficus-indica	0.0485	0.0718	0.8603	0.0193	1	0	0	0	0	0	0.8603	1	3	1	Strongly assigned	Strongly assigned
JUJF694B	JUJ	El Carmen	Jujuy	-24.39357	-65.27129	O. ficus-indica	0.0324	0	0.9675	0	1	0	0	0	0	0	0.9675	1	3	1	Strongly assigned	Strongly assigned
JUJF694C	JUJ	El Carmen	Jujuy	-24.39357	-65.27129	O. ficus-indica	0.0482	0	0.9518	0	1	0	0	0	0	0	0.9518	1	3	1	Strongly assigned	Strongly assigned
JUJF694D	JUJ	El Carmen	Jujuy	-24.39357	-65.27129	O. ficus-indica	0.0363	0	0.9636	0	1	0	0	0	0	0	0.9636	1	3	1	Strongly assigned	Strongly assigned
JUJF694E	JUJ	El Carmen	Jujuy	-24.39357	-65.27129	O. ficus-indica	0.0357	0	0.9643	0	0.9999	0	0	0	0	0	0.9643	0.9999	3	1	Strongly assigned	Strongly assigned
JUJF694F	JUJ	El Carmen	Jujuy	-24.39357	-65.27129	O. ficus-indica	0.0428	0	0.9572	0	1	0	0	0	0	0	0.9572	1	3	1	Strongly assigned	Strongly assigned
JUSF693B	JUS	Salta	Salta	-25.05429	-65.49697	O. ficus-indica	0.0368	0	0.9632	0	1	0	0	0	0	0	0.9632	1	3	1	Strongly assigned	Strongly assigned
JUSF695A	JUS	Salta	Jujuy	-25.20767	-64.94597	O. ficus-indica	0.0306	0	0.9694	0	1	0	0	0	0	0	0.9694	1	3	1	Strongly assigned	Strongly assigned
JUSF695B	JUS	Salta	Jujuy	-25.20767	-64.94597	O. ficus-indica	0.06	0	0.94	0	1	0	0	0	0	0	0.94	1	3	1	Strongly assigned	Strongly assigned
JUSF695C	JUS	Salta	Jujuy	-25.20767	-64.94597	O. ficus-indica	0.0454	0	0.9546	0	1	0	0	0	0	0	0.9546	1	3	1	Strongly assigned	Strongly assigned
JUSF695D	JUS	Salta	Jujuy	-25.20767	-64.94597	O. ficus-indica	0.058	0.0121	0.9299	0	1	0	0	0	0	0	0.9299	1	3	1	Strongly assigned	Strongly assigned
JUSF695E	JUS	Salta	Jujuy	-25.20767	-64.94597	O. ficus-indica	0.0594	2e-04	0.9404	0	1	0	0	0	0	0	0.9404	1	3	1	Strongly assigned	Strongly assigned
JUSQ687	JUS	Metán	Salta	-25.20767	-64.94597	O. quimilo	0.0506	0	0.9494	0	1	0	0	0	0	0	0.9494	1	3	1	Strongly assigned	Strongly assigned
LPAM740A	LPA	Algarrobo del Aguila	La Pampa	-36.2329	-66.9374	O. megapotamica	0	0	0	1	0	1	0	0	0	0	1	1	4	2	Strongly assigned	Strongly assigned
LPAM740B	LPA	Algarrobo del Aguila	La Pampa	-36.2329	-66.9374	O. megapotamica	0	0	0	1	0	1	0	0	0	0	1	1	4	2	Strongly assigned	Strongly assigned
LPAM740C	LPA	Algarrobo del Aguila	La Pampa	-36.2329	-66.9374	O. megapotamica	0	0	0	1	0	1	0	0	0	0	1	1	4	2	Strongly assigned	Strongly assigned
LPAM740D	LPA	Algarrobo del Aguila	La Pampa	-36.2329	-66.9374	O. megapotamica	0	0	0	1	0	0.9999	0	0	0	0	1	0.9999	4	2	Strongly assigned	Strongly assigned
LPSM743A	LPS	Santa Rosa	La Pampa	-36.59089	-64.21117	O. bonaerensis	0	0	0	1	0	1	0	0	0	0	1	1	4	2	Strongly assigned	Strongly assigned
LPSM743B	LPS	Santa Rosa	La Pampa	-36.59089	-64.21117	O. bonaerensis	0	0	0	1	0	0.9999	0	0	0	0	1	0.9999	4	2	Strongly assigned	Strongly assigned
LPSM743C	LPS	Santa Rosa	La Pampa	-36.59089	-64.21117	O. bonaerensis	0	0	0	1	0	1	0	0	0	0	1	1	4	2	Strongly assigned	Strongly assigned
LPSM743D	LPS	Santa Rosa	La Pampa	-36.59089	-64.21117	O. bonaerensis	0	0	0	1	0	1	0	0	0	0	1	1	4	2	Strongly assigned	Strongly assigned
LPVM742A	LPV	La Victoria	La Pampa	-36.22042	-65.57061	O. megapotamica	0	0	0	1	0	1	0	0	0	0	1	1	4	2	Strongly assigned	Strongly assigned
LPVM742B	LPV	La Victoria	La Pampa	-36.22042	-65.57061	O. megapotamica	0	0	0	1	0	1	0	0	0	0	1	1	4	2	Strongly assigned	Strongly assigned
LPVM742C	LPV	La Victoria	La Pampa	-36.22042	-65.57061	O. megapotamica	0	0	0	1	0	1	0	0	0	0	1	1	4	2	Strongly assigned	Strongly assigned
LPVM742D	LPV	La Victoria	La Pampa	-36.22042	-65.57061	O. megapotamica	0	0	0	1	0	1	0	0	0	0	1	1	4	2	Strongly assigned	Strongly assigned
LPVM742E	LPV	La Victoria	La Pampa	-36.22042	-65.57061	O. megapotamica	0	0	0	1	0	1	0	0	0	0	1	1	4	2	Strongly assigned	Strongly assigned
LPVM742F	LPV	La Victoria	La Pampa	-36.22042	-65.57061	O. megapotamica	0	0	0	1	0	1	0	0	0	0	1	1	4	2	Strongly assigned	Strongly assigned
RNRM738	RNR	Lamarque	Río Negro	-39.35746	-65.7155	O. megapotamica	1	0	0	0	0	0	0	0	1	0	1	1	1	5	Strongly assigned	Strongly assigned
RNRM739a	RNR	Lamarque	Río Negro	-39.35746	-65.7155	O. megapotamica	1	0	0	0	0	0	0	0	1	0	1	1	1	5	Strongly assigned	Strongly assigned
RNRM739b	RNR	Choele Choel	Río Negro	-39.35746	-65.7155	O. megapotamica	0	0	0	1	0	1	0	0	0	0	1	1	4	2	Strongly assigned	Strongly assigned
RNRM739c	RNR	Choele Choel	Río Negro	-39.35746	-65.7155	O. megapotamica	0	0	0	1	0	1	0	0	0	0	1	1	4	2	Strongly assigned	Strongly assigned
RNRM739d	RNR	Choele Choel	Río Negro	-39.35746	-65.7155	O. megapotamica	0	0	0	1	0	0.9999	0	0	0	0	1	0.9999	4	2	Strongly assigned	Strongly assigned
SEBF725A	SEB	Brea Puñuna	Santiago del Estero	-27.63202	-64.62143	O. ficus-indica	0	0	1	0	0	0	0	0	0	1	1	1	3	6	Strongly assigned	Strongly assigned
SEBF725B	SEB	Brea Puñuna	Santiago del Estero	-27.63202	-64.62143	O. ficus-indica	0	0	1	0	0	0	0	0	0	1	1	1	3	6	Strongly assigned	Strongly assigned
SEBF725C	SEB	Brea Puñuna	Santiago del Estero	-27.63202	-64.62143	O. ficus-indica	0	0	1	0	0	0	0	0	0	1	1	1	3	6	Strongly assigned	Strongly assigned
SEBF725D	SEB	Brea Puñuna	Santiago del Estero	-27.63202	-64.62143	O. ficus-indica	0	0	1	0	0	0	0	0	0	1	1	1	3	6	Strongly assigned	Strongly assigned
SEBF725E	SEB	Brea Puñuna	Santiago del Estero	-27.63202	-64.62143	O. ficus-indica	0	0	1	0	0	0	0	0	0	1	1	1	3	6	Strongly assigned	Strongly assigned
SELF723A	SEL	Lavalle	Santiago del Estero	-28.16444	-65.08244	O. ficus-indica	0	0	1	0	0	0	0.0624	0	0	0.9376	1	0.9376	3	6	Strongly assigned	Strongly assigned
SELF723B	SEL	Lavalle	Santiago del Estero	-28.16444	-65.08244	O. ficus-indica	0	0	1	0	0	0	0.0755	0	0	0.9245	1	0.9245	3	6	Strongly assigned	Strongly assigned
SELQ724B	SEL	Lavalle	Santiago del Estero	-28.16444	-65.08244	O. quimilo	0	0	1	0	0	0	0.0811	0	0	0.9188	1	0.9188	3	6	Strongly assigned	Strongly assigned
SELQ724C	SEL	Lavalle	Santiago del Estero	-28.16444	-65.08244	O. quimilo	0	0	1	0	0	0	0.0727	0	0	0.9272	1	0.9272	3	6	Strongly assigned	Strongly assigned
SEPF711B	SEP	San Lorenzo	Santiago del Estero	-27.9144	-64.45563	O. ficus-indica	0	0	1	0	0	0	0	0	0	1	1	1	3	6	Strongly assigned	Strongly assigned
SEPF711C	SEP	San Lorenzo	Santiago del Estero	-27.9144	-64.45563	O. ficus-indica	0	0	0.994	0.006	0.0037	0	0	0	0	0.9963	0.994	0.9963	3	6	Strongly assigned	Strongly assigned
SEPF711D	SEP	San Lorenzo	Santiago del Estero	-27.9144	-64.45563	O. ficus-indica	0	0	1	0	0	0	0	0	0	1	1	1	3	6	Strongly assigned	Strongly assigned
SEPF711E	SEP	San Lorenzo	Santiago del Estero	-27.9144	-64.45563	O. ficus-indica	0	0	1	0	0	0	0	0	0	1	1	1	3	6	Strongly assigned	Strongly assigned
SEPF711F	SEP	San Lorenzo	Santiago del Estero	-27.9144	-64.45563	O. ficus-indica	0	0	1	0	0	0	0	0	0	1	1	1	3	6	Strongly assigned	Strongly assigned
TUNF727A	TUN	Aguilares	Tucumán	-27.44643	-65.58524	O. ficus-indica	0	0	1	0	0	0	0	0	0	1	1	1	3	6	Strongly assigned	Strongly assigned
TUNF727B	TUN	Aguilares	Tucumán	-27.44643	-65.58524	O. ficus-indica	0	0	1	0	0	0	0	0	0	0.9999	1	0.9999	3	6	Strongly assigned	Strongly assigned
TUNF728A	TUN	La Concha	Tucumán	-27.79831	-65.58814	O. ficus-indica	0	0	1	0	0	0	0	0	0	1	1	1	3	6	Strongly assigned	Strongly assigned
TUNF728B	TUN	La Concha	Tucumán	-27.79831	-65.58814	O. ficus-indica	0	0	1	0	0	0	0	0	0	1	1	1	3	6	Strongly assigned	Strongly assigned
TUNF728C	TUN	La Concha	Tucumán	-27.79831	-65.58814	O. ficus-indica	0	0	1	0	0	0	0	0	0	1	1	1	3	6	Strongly assigned	Strongly assigned
TUNF728D	TUN	La Concha	Tucumán	-27.79831	-65.58814	O. ficus-indica	0	0	0.9997	3e-04	0	0	0	0	0	1	0.9997	1	3	6	Strongly assigned	Strongly assigned
TUNF728E	TUN	La Concha	Tucumán	-27.79831	-65.58814	O. ficus-indica	0	0	1	0	0	0	0	0	0	1	1	1	3	6	Strongly assigned	Strongly assigned
