Population	N	K4_ge80	K4_ge90	K4_ge95	K6_ge80	K6_ge90	K6_ge95
BAM	3	3 (100%)	3 (100%)	3 (100%)	3 (100%)	3 (100%)	3 (100%)
BAP	8	8 (100%)	8 (100%)	8 (100%)	8 (100%)	8 (100%)	8 (100%)
BAS	4	4 (100%)	4 (100%)	4 (100%)	4 (100%)	4 (100%)	4 (100%)
CAQ	5	5 (100%)	1 (20%)	1 (20%)	1 (20%)	1 (20%)	0 (0%)
CAS	7	7 (100%)	7 (100%)	7 (100%)	7 (100%)	7 (100%)	7 (100%)
CBA	3	0 (0%)	0 (0%)	0 (0%)	0 (0%)	0 (0%)	0 (0%)
CBF	5	0 (0%)	0 (0%)	0 (0%)	0 (0%)	0 (0%)	0 (0%)
CBR	3	0 (0%)	0 (0%)	0 (0%)	0 (0%)	0 (0%)	0 (0%)
CBS	3	0 (0%)	0 (0%)	0 (0%)	0 (0%)	0 (0%)	0 (0%)
CBV	5	0 (0%)	0 (0%)	0 (0%)	0 (0%)	0 (0%)	0 (0%)
CHP	5	0 (0%)	0 (0%)	0 (0%)	2 (40%)	0 (0%)	0 (0%)
ERB	6	6 (100%)	6 (100%)	5 (83.3%)	6 (100%)	6 (100%)	5 (83.3%)
ERC	4	4 (100%)	4 (100%)	4 (100%)	4 (100%)	4 (100%)	4 (100%)
ERD	5	5 (100%)	5 (100%)	5 (100%)	5 (100%)	5 (100%)	5 (100%)
ERF	5	5 (100%)	4 (80%)	4 (80%)	5 (100%)	4 (80%)	4 (80%)
ERL	3	3 (100%)	3 (100%)	3 (100%)	3 (100%)	3 (100%)	3 (100%)
ERN	5	5 (100%)	5 (100%)	5 (100%)	5 (100%)	5 (100%)	5 (100%)
FOG	4	0 (0%)	0 (0%)	0 (0%)	0 (0%)	0 (0%)	0 (0%)
JUJ	6	6 (100%)	5 (83.3%)	5 (83.3%)	6 (100%)	6 (100%)	6 (100%)
JUS	7	7 (100%)	7 (100%)	3 (42.9%)	7 (100%)	7 (100%)	7 (100%)
LPA	4	4 (100%)	4 (100%)	4 (100%)	4 (100%)	4 (100%)	4 (100%)
LPS	4	4 (100%)	4 (100%)	4 (100%)	4 (100%)	4 (100%)	4 (100%)
LPV	6	6 (100%)	6 (100%)	6 (100%)	6 (100%)	6 (100%)	6 (100%)
RNR	5	5 (100%)	5 (100%)	5 (100%)	5 (100%)	5 (100%)	5 (100%)
SEB	5	5 (100%)	5 (100%)	5 (100%)	5 (100%)	5 (100%)	5 (100%)
SEL	4	4 (100%)	4 (100%)	4 (100%)	4 (100%)	4 (100%)	0 (0%)
SEP	5	5 (100%)	5 (100%)	5 (100%)	5 (100%)	5 (100%)	5 (100%)
TUN	7	7 (100%)	7 (100%)	7 (100%)	7 (100%)	7 (100%)	7 (100%)
