Population	N	K4_C1_mean	K4_C2_mean	K4_C3_mean	K4_C4_mean	K4_Dominant	K4_Max_mean	K6_C1_mean	K6_C2_mean	K6_C3_mean	K6_C4_mean	K6_C5_mean	K6_C6_mean	K6_Dominant	K6_Max_mean
BAM	3	1	0	0	0	1	1	0	0	0	0	1	0	5	1
BAP	8	1	0	0	0	1	1	0	0	0	0	1	0	5	1
BAS	4	1	0	0	0	1	1	0	0	0	0	1	0	5	1
CAQ	5	0.0027	0.0381	0.9095	0.0497	3	0.9095	0.0703	0.0451	0.1328	0.0221	0.0024	0.7273	6	0.7273
CAS	7	0	0	1	0	3	1	0	0	1	0	0	0	3	1
CBA	3	0.0312	0.4674	0.432	0.0694	2	0.4674	0.2204	0.0639	0.0505	0.449	0.0285	0.1877	4	0.449
CBF	5	0.0247	0.6083	0.3297	0.0373	2	0.6083	0.209	0.0337	0.039	0.5876	0.0199	0.1108	4	0.5876
CBR	3	0.0196	0.3708	0.5107	0.0989	3	0.5107	0.1751	0.0933	0.0591	0.3541	0.0157	0.3025	4	0.3541
CBS	3	0.0107	0.7294	0.2381	0.0218	2	0.7294	0.1494	0.0184	0.0337	0.7162	0.0115	0.0709	4	0.7162
CBV	5	0.0222	0.223	0.6276	0.1272	3	0.6276	0.1863	0.1213	0.0665	0.2074	0.0192	0.3993	6	0.3993
CHP	5	0.0514	0.2624	0.6601	0.0261	3	0.6601	0.7102	0.0068	0.0173	0.2077	0.0132	0.0446	1	0.7102
ERB	6	0.0056	0.9884	0.006	0	2	0.9884	0.0122	0	0	0.9846	0.0032	0	4	0.9846
ERC	4	0	1	0	0	2	1	0	0	0	1	0	0	4	1
ERD	5	0	1	0	0	2	1	0	0	0	1	0	0	4	1
ERF	5	0.0068	0.9715	0.0167	0.005	2	0.9715	0.0137	0.0043	3e-04	0.9685	0.0069	0.0063	4	0.9685
ERL	3	0.004	0.9929	0	0.0031	2	0.9929	0.0099	1e-04	0	0.9841	0.0059	0	4	0.9841
ERN	5	0	1	0	0	2	1	0	0	0	1	0	0	4	1
FOG	4	0.0614	0.1682	0.7338	0.0366	3	0.7338	0.644	0.0304	0.0438	0.1224	0.034	0.1254	1	0.644
JUJ	6	0.0406	0.012	0.9441	0.0032	3	0.9441	1	0	0	0	0	0	1	1
JUS	7	0.0487	0.0018	0.9496	0	3	0.9496	1	0	0	0	0	0	1	1
LPA	4	0	0	0	1	4	1	0	1	0	0	0	0	2	1
LPS	4	0	0	0	1	4	1	0	1	0	0	0	0	2	1
LPV	6	0	0	0	1	4	1	0	1	0	0	0	0	2	1
RNR	5	0.4	0	0	0.6	4	0.6	0	0.6	0	0	0.4	0	2	0.6
SEB	5	0	0	1	0	3	1	0	0	0	0	0	1	6	1
SEL	4	0	0	1	0	3	1	0	0	0.0729	0	0	0.927	6	0.927
SEP	5	0	0	0.9988	0.0012	3	0.9988	7e-04	0	0	0	0	0.9993	6	0.9993
TUN	7	0	0	1	0	3	1	0	0	0	0	0	1	6	1
