Pop	N	Locality	Province	Latitude	Longitude	K4_C1	K4_C2	K4_C3	K4_C4	K4_Dominant	K4_Max
JUJ	6	Maimara	Jujuy	-24.2713266666667	-65.2937816666667	0.04065	0.0119666666666667	0.944116666666667	0.00321666666666667	3	0.944116666666667
JUS	7	Salta	Salta	-25.1857585714286	-65.0246842857143	0.0486857142857143	0.00175714285714286	0.949557142857143	0	3	0.949557142857143
FOG	4	Gran Guardia	Formosa	-25.84239	-58.79244	0.06135	0.16815	0.73385	0.0366	3	0.73385
CHP	5	Puerto Tirol	Chaco	-27.36381	-59.06644	0.05136	0.26244	0.66008	0.02614	3	0.66008
SEB	5	Brea Puñuna	Santiago del Estero	-27.63202	-64.62143	0	0	1	0	3	1
TUN	7	Aguilares	Tucumán	-27.6977728571429	-65.5873114285714	0	0	0.999957142857143	4.28571428571429e-05	3	0.999957142857143
SEP	5	San Lorenzo	Santiago del Estero	-27.9144	-64.45563	0	0	0.9988	0.0012	3	0.9988
SEL	4	Lavalle	Santiago del Estero	-28.16444	-65.08244	0	0	1	0	3	1
CAQ	5	Quirós	Catamarca	-28.74572	-65.10858	0.0027	0.03812	0.9095	0.04968	3	0.9095
CAS	7	San Rafael	Catamarca	-28.85592	-66.23012	0	0	1	0	3	1
CBV	5	Villa del totoral	Córdoba	-30.28592	-63.61976	0.0222	0.22296	0.62758	0.12724	3	0.62758
ERF	5	Chavarría	Corrientes	-30.525776	-58.749062	0.0068	0.97148	0.0167	0.00502	2	0.97148
ERL	3	Los conquistadores	Entre Rios	-30.59342	-58.46335	0.004	0.992866666666667	0	0.0031	2	0.992866666666667
ERC	4	Chajarí	Entre Rios	-30.65441	-58.00371	0	1	0	0	2	1
ERD	5	Federación	Entre Rios	-31.09484	-58.06665	0	1	0	0	2	1
ERB	6	Bovril	Entre Rios	-31.270035	-59.24748	0.00561666666666667	0.98835	0.00601666666666667	0	2	0.98835
CBR	3	Rincón	Córdoba	-31.59481	-63.61428	0.0196333333333333	0.3708	0.510666666666667	0.0988666666666667	3	0.510666666666667
CBA	3	El Aranado	Córdoba	-31.78409	-62.8255	0.0312	0.467433333333333	0.432	0.0693666666666667	2	0.467433333333333
CBF	5	El Fortin	Córdoba	-31.9626	-62.3375	0.02468	0.6083	0.32974	0.03728	2	0.6083
CBS	3	Centeno	Santa Fe	-32.2345666666667	-61.4623933333333	0.0106666666666667	0.729433333333333	0.2381	0.0218333333333333	2	0.729433333333333
ERN	5	Nogoyá	Entre Rios	-32.37497	-59.39133	0	1	0	0	2	1
LPV	6	La Victoria	La Pampa	-36.22042	-65.57061	0	0	0	1	4	1
LPA	4	Algarrobo del Aguila	La Pampa	-36.2329	-66.9374	0	0	0	1	4	1
LPS	4	Santa Rosa	La Pampa	-36.59089	-64.21117	0	0	0	1	4	1
BAS	4	Sierra la Ventana	Buenos Aires	-38.274855	-61.6680675	1	0	0	0	1	1
BAP	8	Tornquist	Buenos Aires	-38.41295	-61.7576	1	0	0	0	1	1
BAM	3	Mayor Buratovich	Buenos Aires	-39.23402	-62.59756	1	0	0	0	1	1
RNR	5	Lamarque	Río Negro	-39.35746	-65.7155	0.4	0	0	0.6	4	0.6
