Population	Mean_max_ancestry_K4	Mean_max_ancestry_K6
BAM	1	0.999966666666667
BAP	1	0.999975
BAS	1	0.999975
CAQ	0.9095	0.72732
CAS	1	0.999985714285714
CBA	0.467433333333333	0.448966666666667
CBF	0.6083	0.58758
CBR	0.6131	0.469233333333333
CBS	0.729433333333333	0.716233333333333
CBV	0.62758	0.39928
CHP	0.66008	0.71022
ERB	0.98835	0.98455
ERC	1	0.999975
ERD	1	0.99998
ERF	0.97148	0.96848
ERL	0.992866666666667	0.9841
ERN	1	1
FOG	0.73385	0.644
JUJ	0.944116666666667	0.999983333333333
JUS	0.949557142857143	1
LPA	1	0.999975
LPS	1	0.999975
LPV	1	1
RNR	1	0.99998
SEB	1	1
SEL	1	0.927025
SEP	0.9988	0.99926
TUN	0.999957142857143	0.999985714285714
