Pop	N	K4_ge80_n	K4_ge80_pct	K4_ge90_n	K4_ge90_pct	K4_ge95_n	K4_ge95_pct	K4_lt80_n	K4_lt80_pct	K6_ge80_n	K6_ge80_pct	K6_ge90_n	K6_ge90_pct	K6_ge95_n	K6_ge95_pct	K6_lt80_n	K6_lt80_pct
BAM	3	3	100	3	100	3	100	0	0	3	100	3	100	3	100	0	0
BAP	8	8	100	8	100	8	100	0	0	8	100	8	100	8	100	0	0
BAS	4	4	100	4	100	4	100	0	0	4	100	4	100	4	100	0	0
CAQ	5	5	100	1	20	1	20	0	0	1	20	1	20	0	0	4	80
CAS	7	7	100	7	100	7	100	0	0	7	100	7	100	7	100	0	0
CBA	3	0	0	0	0	0	0	3	100	0	0	0	0	0	0	3	100
CBF	5	0	0	0	0	0	0	5	100	0	0	0	0	0	0	5	100
CBR	3	0	0	0	0	0	0	3	100	0	0	0	0	0	0	3	100
CBS	3	0	0	0	0	0	0	3	100	0	0	0	0	0	0	3	100
CBV	5	0	0	0	0	0	0	5	100	0	0	0	0	0	0	5	100
CHP	5	0	0	0	0	0	0	5	100	2	40	0	0	0	0	3	60
ERB	6	6	100	6	100	5	83.3	0	0	6	100	6	100	5	83.3	0	0
ERC	4	4	100	4	100	4	100	0	0	4	100	4	100	4	100	0	0
ERD	5	5	100	5	100	5	100	0	0	5	100	5	100	5	100	0	0
ERF	5	5	100	4	80	4	80	0	0	5	100	4	80	4	80	0	0
ERL	3	3	100	3	100	3	100	0	0	3	100	3	100	3	100	0	0
ERN	5	5	100	5	100	5	100	0	0	5	100	5	100	5	100	0	0
FOG	4	0	0	0	0	0	0	4	100	0	0	0	0	0	0	4	100
JUJ	6	6	100	5	83.3	5	83.3	0	0	6	100	6	100	6	100	0	0
JUS	7	7	100	7	100	3	42.9	0	0	7	100	7	100	7	100	0	0
LPA	4	4	100	4	100	4	100	0	0	4	100	4	100	4	100	0	0
LPS	4	4	100	4	100	4	100	0	0	4	100	4	100	4	100	0	0
LPV	6	6	100	6	100	6	100	0	0	6	100	6	100	6	100	0	0
RNR	5	5	100	5	100	5	100	0	0	5	100	5	100	5	100	0	0
SEB	5	5	100	5	100	5	100	0	0	5	100	5	100	5	100	0	0
SEL	4	4	100	4	100	4	100	0	0	4	100	4	100	0	0	0	0
SEP	5	5	100	5	100	5	100	0	0	5	100	5	100	5	100	0	0
TUN	7	7	100	7	100	7	100	0	0	7	100	7	100	7	100	0	0
